cizí jazyk,AJ
cizí jazyk,NJ
cizí jazyk,FJ
cizí jazyk,ŠJ
cizí jazyk,RJ
všeobecně-vzdělávací předměty,ČJL
všeobecně-vzdělávací předměty,M
všeobecně-vzdělávací předměty,IKT
všeobecně-vzdělávací předměty,ČAS
všeobecně-vzdělávací předměty,D
všeobecně-vzdělávací předměty,OV
všeobecně-vzdělávací předměty,F
všeobecně-vzdělávací předměty,CH
všeobecně-vzdělávací předměty,PŘ
všeobecně-vzdělávací předměty,Z
všeobecně-vzdělávací předměty,VKZ
všeobecně-vzdělávací předměty,ETV
všeobecně-vzdělávací předměty,ČSP
všeobecně-vzdělávací předměty,OSV
všeobecně-vzdělávací předměty,VDO
všeobecně-vzdělávací předměty,EGS
všeobecně-vzdělávací předměty,MKV
všeobecně-vzdělávací předměty,ENV
všeobecně-vzdělávací předměty,MV
odborné předměty,ODBP
praktické vyučování,PV
odborný výcvik,ODBV
umělecké předměty,HV
umělecké předměty,VV
umělecké předměty,FAV
umělecké předměty,DV
umělecké předměty,TPV
tělesná výchova,TV
konverzace,AJ
konverzace,NJ
konverzace,FJ
konverzace,ŠJ
konverzace,RJ
